chrom	chromStart	chromEnd	name	strand	refNCBI	class	func	submitters	alleleFreqCount
chr1	225574904	225574923	rs564787626	+1	AAAAAAAAAAAAAAAATAT	deletion	intron	1000GENOMES,	2
chr1	10177	10177	rs367896724	+1	-	insertion	near-gene-5	1000GENOMES,BILGI_BIOE,	2
chr1	10352	10352	rs555500075	+1	-	insertion	near-gene-5	1000GENOMES,SSMP,	2
chr1	11007	11008	rs575272151	+1	C	single	near-gene-5	1000GENOMES,	2
chr1	11011	11012	rs544419019	+1	C	single	near-gene-5	1000GENOMES,	2
chr1	13109	13110	rs540538026	+1	G	single	intron	1000GENOMES,JJLAB,	2
chr1	13115	13116	rs62635286	+1	T	single	intron	1000GENOMES,BCMHGSC_JDW,ENSEMBL,GMI,	2
chr1	13117	13118	rs62028691	-1	A	single	intron	1000GENOMES,BCMHGSC_JDW,ENSEMBL,GMI,	2
chr1	13272	13273	rs531730856	+1	G	single	ncRNA	1000GENOMES,EVA_MGP,JJLAB,PADH-LAB_SPU,WEILL_CORNELL_DGM,	2
chr1	13417	13417	rs777038595	+1	-	insertion	ncRNA	EVA_EXAC,EVA_GENOME_DK,PADH-LAB_SPU,TMC_SNPDB,	2
chr1	14463	14464	rs546169444	+1	A	single	near-gene-3,ncRNA	1000GENOMES,JJLAB,WEILL_CORNELL_DGM,	2
chr1	14603	14604	rs541940975	+1	A	single	near-gene-3,ncRNA	1000GENOMES,TSC-CSHL,	2
chr1	14672	14673	rs4690	+1	G	single	near-gene-3,ncRNA	BCM_SSAHASNP,CGAP-GAI,CSHL-HAPMAP,ENSEMBL,GMI,HUMANGENOME_JCVI,PADH-LAB_SPU,SC_JCM,SSAHASNP,SSMP,TSC-CSHL,UWGC,	2
chr1	14676	14677	rs201327123	+1	G	single	near-gene-3,ncRNA	CLINSEQ_SNP,JJLAB,	2
chr1	14929	14930	rs6682385	+1	A	single	intron	1000GENOMES,BCM-HGSC-SUB,BCMHGSC_JDW,BCM_SSAHASNP,BGI,CSHL-HAPMAP,DDI,ENSEMBL,EVA_MGP,GENOMED,GMI,HUMANGENOME_JCVI,SC_JCM,SSAHASNP,SSMP,	2
chr1	14932	14933	rs199856693	+1	G	single	intron	1000GENOMES,BILGI_BIOE,DDI,EVA_MGP,GMI,SSMP,WEILL_CORNELL_DGM,	2
chr1	14975	14976	rs71252251	-1	G	single	ncRNA	CLINSEQ_SNP,DDI,EVA_MGP,HUMANGENOME_JCVI,SSMP,WEILL_CORNELL_DGM,	2
chr1	15117	15118	rs11580262	+1	A	single	intron	BCMHGSC_JDW,CSHL-HAPMAP,ENSEMBL,GMI,HUMANGENOME_JCVI,SC_JCM,SSMP,WEILL_CORNELL_DGM,	2
chr1	15710	15711	rs202113635	+1	G	single	intron	CLINSEQ_SNP,	2
chr1	15773	15774	rs374029747	+1	G	single	intron	1000GENOMES,SSMP,	2
chr1	15819	15820	rs2691315	-1	G	single	ncRNA	1000GENOMES,BCMHGSC_JDW,CLINSEQ_SNP,ENSEMBL,SC_JCM,SSMP,	2
chr1	15903	15903	rs557514207	+1	-	insertion	ncRNA	1000GENOMES,PADH-LAB_SPU,SSIP,SSMP,	2
chr1	16494	16495	rs3210724	-1	G	single	intron	BL,EVA_MGP,GMI,LEE,SC_SNP,SEQUENOM,WEILL_CORNELL_DGM,	2
chr1	16533	16534	rs15642	+1	C	single	intron	BCMHGSC_JDW,BILGI_BIOE,CGAP-GAI,CSHL-HAPMAP,ENSEMBL,GMI,HUMANGENOME_JCVI,SEQUENOM,SSAHASNP,	2
chr1	16808	16809	rs2758113	+1	C	single	intron	ENSEMBL,HUMANGENOME_JCVI,SC_JCM,SC_SNP,	2
chr1	16840	16841	rs62636368	+1	G	single	intron	BCMHGSC_JDW,BILGI_BIOE,CLINSEQ_SNP,EVA_MGP,JJLAB,	2
chr1	16948	16949	rs199745162	+1	A	single	near-gene-3,ncRNA	1000GENOMES,CLINSEQ_SNP,JJLAB,	2
chr1	16956	16957	rs200658479	+1	G	single	near-gene-3,ncRNA	CLINSEQ_SNP,	2
chr1	16995	16996	rs1045472	-1	T	single	near-gene-3,ncRNA	CGAP-GAI,LEE,SC_SNP,SEQUENOM,	2
chr1	17019	17020	rs199740902	+1	G	single	near-gene-3,ncRNA	CLINSEQ_SNP,JJLAB,WEILL_CORNELL_DGM,	2
chr1	17221	17222	rs200978805	+1	A	single	intron,near-gene-3	CLINSEQ_SNP,SSMP,	2
chr1	17358	17361	rs749387668	+1	CTT	deletion	near-gene-3,ncRNA	EVA_EXAC,	2
chr1	17364	17365	rs369606208	+1	C	single	near-gene-3,ncRNA	EVA_EXAC,SC_SNP,SSMP,	2
chr1	17372	17373	rs750111615	+1	A	single	intron,ncRNA	EVA_EXAC,	2
chr1	17374	17375	rs755771866	+1	A	single	intron,ncRNA	EVA_EXAC,WEILL_CORNELL_DGM,	2
chr1	17378	17379	rs754322362	+1	G	single	intron,ncRNA	EVA_EXAC,WEILL_CORNELL_DGM,	2
chr1	17384	17385	rs201535981	+1	G	single	intron,ncRNA	CLINSEQ_SNP,EVA_EXAC,WEILL_CORNELL_DGM,	2
chr1	17397	17398	rs200784459	+1	C	single	intron,ncRNA	CLINSEQ_SNP,EVA_EXAC,GMI,	2
chr1	17405	17406	rs772228657	+1	C	single	intron,ncRNA	EVA_EXAC,	2
chr1	17406	17407	rs372841554	+1	G	single	intron,ncRNA	EVA_EXAC,SSMP,USC_VALOUEV,WEILL_CORNELL_DGM,	2
chr1	17407	17408	rs747093451	+1	C	single	intron,ncRNA	EVA_EXAC,WEILL_CORNELL_DGM,	2
chr1	17451	17452	rs200503540	+1	C	single	intron,near-gene-5	BILGI_BIOE,CLINSEQ_SNP,EVA_EXAC,SSMP,USC_VALOUEV,WEILL_CORNELL_DGM,	2
chr1	18848	18849	rs533090414	+1	C	single	intron,near-gene-5	1000GENOMES,	2
chr1	23880	23881	rs62636384	+1	C	single	intron	BCMHGSC_JDW,ENSEMBL,HUMANGENOME_JCVI,	2
chr1	30922	30923	rs806731	-1	G	single	intron,near-gene-3,near-gene-5	1000GENOMES,DDI,ENSEMBL,EVA-GONL,GMI,KWOK,SC_JCM,SSAHASNP,USC_VALOUEV,WEILL_CORNELL_DGM,	2
chr1	31385	31386	rs2418683	-1	G	single	near-gene-3	BCMHGSC_JDW,ENSEMBL,HUMANGENOME_JCVI,TSC-CSHL,WEILL_CORNELL_DGM,	2
chr1	33494	33495	rs75468675	+1	C	single	unknown	ENSEMBL,	2
chr1	33520	33521	rs76098219	+1	T	single	unknown	ENSEMBL,	2
chr1	47158	47159	rs540662756	+1	T	single	unknown	1000GENOMES,DDI,EVA_GENOME_DK,JJLAB,	2
chr1	49297	49298	rs10399793	+1	T	single	unknown	1000GENOMES,BCM-HGSC-SUB,BCMHGSC_JDW,BCM_SSAHASNP,BILGI_BIOE,GMI,SSAHASNP,SSMP,WEILL_CORNELL_DGM,	2
chr1	49553	49554	rs539322794	+1	A	single	unknown	1000GENOMES,JJLAB,WEILL_CORNELL_DGM,	2
chr1	51478	51479	rs116400033	+1	T	single	near-gene-5	1000GENOMES,EVA-GONL,EVA_GENOME_DK,JJLAB,SSMP,WEILL_CORNELL_DGM,	2
chr1	51761	51762	rs559190862	+1	A	single	near-gene-5	1000GENOMES,	2
chr1	51764	51765	rs575564077	+1	C	single	near-gene-5	1000GENOMES,	2
chr1	52237	52238	rs2691277	+1	T	single	intron	1000GENOMES,BCMHGSC_JDW,DDI,ENSEMBL,EVA-GONL,EVA_GENOME_DK,GMI,HAMMER_LAB,JJLAB,SC_JCM,SSMP,USC_VALOUEV,WEILL_CORNELL_DGM,	2
chr1	54489	54490	rs141149254	+1	G	single	unknown	1000GENOMES,EVA-GONL,EVA_GENOME_DK,SSMP,WEILL_CORNELL_DGM,	2
chr1	54711	54712	rs552304420	+1	T	single	unknown	1000GENOMES,	2
chr1	54712	54712	rs568927205	+1	-	insertion	unknown	1000GENOMES,	2
chr1	54715	54716	rs569128616	+1	C	single	unknown	1000GENOMES,PADH-LAB_SPU,USC_VALOUEV,	2
chr1	55163	55164	rs3091274	+1	C	single	unknown	1000GENOMES,BCMHGSC_JDW,BCM_SSAHASNP,CSHL-HAPMAP,DDI,EVA-GONL,EVA_GENOME_DK,GENOMED,GMI,HAMMER_LAB,ILLUMINA-UK,JJLAB,SC_JCM,SSMP,WEILL_CORNELL_DGM,	2
chr1	55325	55326	rs3107975	+1	T	single	unknown	1000GENOMES,EVA-GONL,GMI,HAMMER_LAB,ILLUMINA,SC_JCM,USC_VALOUEV,WEILL_CORNELL_DGM,	2
chr1	55544	55545	rs28396308	+1	C	single	unknown	1000GENOMES,BCMHGSC_JDW,COMPLETE_GENOMICS,DDI,ENSEMBL,GMI,SSAHASNP,SSMP,WEILL_CORNELL_DGM,	2
chr1	57291	57292	rs201418760	+1	C	single	unknown	1000GENOMES,GMI,SSMP,WEILL_CORNELL_DGM,	2
chr1	58813	58814	rs114420996	+1	G	single	unknown	1000GENOMES,EVA-GONL,GENOMED,JJLAB,WEILL_CORNELL_DGM,	2
chr1	59039	59040	rs62637815	+1	T	single	unknown	1000GENOMES,BCMHGSC_JDW,DDI,EVA-GONL,JJLAB,TISHKOFF,WEILL_CORNELL_DGM,	2
chr1	59050	59051	rs2691352	+1	A	single	unknown	COMPLETE_GENOMICS,ENSEMBL,HAMMER_LAB,SC_JCM,	2
chr1	60350	60351	rs62637817	+1	A	single	unknown	1000GENOMES,BCMHGSC_JDW,DDI,JJLAB,WEILL_CORNELL_DGM,	2
chr1	61919	61920	rs62637820	+1	G	single	unknown	1000GENOMES,BCMHGSC_JDW,ENSEMBL,JJLAB,WEILL_CORNELL_DGM,	2
chr1	62776	62777	rs3844233	+1	A	single	unknown	1000GENOMES,BCMHGSC_JDW,DDI,ENSEMBL,JJLAB,PADH-LAB_SPU,SC_JCM,TSC-CSHL,	2
chr1	63092	63093	rs200092917	+1	G	single	unknown	1000GENOMES,CLINSEQ_SNP,EVA-GONL,EVA_MGP,GMI,	2
chr1	63267	63268	rs28664618	+1	T	single	unknown	1000GENOMES,BCMHGSC_JDW,CLINSEQ_SNP,ENSEMBL,GMI,HAMMER_LAB,SSAHASNP,	2
chr1	63642	63643	rs202004563	+1	A	single	unknown	BILGI_BIOE,CLINSEQ_SNP,EVA_GENOME_DK,EVA_MGP,GMI,JJLAB,	2
chr1	63670	63671	rs80011619	+1	G	single	unknown	1000GENOMES,CLINSEQ_SNP,COMPLETE_GENOMICS,DDI,ENSEMBL,EVA-GONL,EVA_MGP,GMI,JJLAB,SSMP,WEILL_CORNELL_DGM,	2
chr1	63735	63738	rs201888535	+1	CTA	deletion	unknown	1000GENOMES,BILGI_BIOE,EVA-GONL,EVA_GENOME_DK,GMI,LUNTER,SSMP,	2
chr1	64648	64649	rs181431124	+1	A	single	unknown	1000GENOMES,EVA-GONL,WEILL_CORNELL_DGM,	2
chr1	64930	64931	rs62639104	+1	G	single	unknown	1000GENOMES,BCMHGSC_JDW,DDI,JJLAB,WEILL_CORNELL_DGM,	2
chr1	65973	65974	rs531923826	+1	A	single	unknown	1000GENOMES,WEILL_CORNELL_DGM,	2
chr1	66218	66219	rs181028663	+1	A	single	unknown	1000GENOMES,EVA-GONL,SSMP,USC_VALOUEV,WEILL_CORNELL_DGM,	2
chr1	66380	66381	rs538833530	+1	T	single	unknown	1000GENOMES,WEILL_CORNELL_DGM,	2
chr1	66435	66437	rs560481224	+1	TT	deletion	unknown	1000GENOMES,	2
chr1	67180	67181	rs28503582	+1	A	single	near-gene-5	1000GENOMES,COMPLETE_GENOMICS,ENSEMBL,SSAHASNP,WEILL_CORNELL_DGM,	2
chr1	67630	67631	rs533896527	+1	G	single	near-gene-5	1000GENOMES,	2
chr1	68081	68082	rs367789441	+1	T	single	near-gene-5	1000GENOMES,ILLUMINA,SSMP,WEILL_CORNELL_DGM,	2
chr1	69269	69270	rs201219564	+1	A	single	coding-synon	CLINSEQ_SNP,EVA_EXAC,EVA_GENOME_DK,GMI,SSMP,WEILL_CORNELL_DGM,	2
chr1	69427	69428	rs140739101	+1	T	single	missense	1000GENOMES,CLINSEQ_SNP,EVA_EXAC,EVA_MGP,EXOME_CHIP,NHLBI-ESP,	2
chr1	69510	69511	rs2691305	-1	A	single	missense	1000GENOMES,CLINSEQ_SNP,ENSEMBL,EVA-GONL,EVA_EXAC,EVA_GENOME_DK,EVA_MGP,EXOME_CHIP,GMI,HAMMER_LAB,JJLAB,NHLBI-ESP,SC_JCM,SEATTLESEQ,SSMP,TSC-CSHL,WEILL_CORNELL_DGM,	2
chr1	69760	69761	rs200505207	+1	A	single	missense	1000GENOMES,EVA_EXAC,EXOME_CHIP,NHLBI-ESP,SSMP,WEILL_CORNELL_DGM,	2
chr1	69896	69897	rs200676709	+1	T	single	coding-synon	1000GENOMES,EVA_EXAC,GMI,SSMP,WEILL_CORNELL_DGM,	2
chr1	70316	70317	rs570011908	+1	G	single	near-gene-3	1000GENOMES,	2
chr1	70351	70352	rs555652149	+1	A	single	near-gene-3	1000GENOMES,	2
chr1	72525	72526	rs547237130	+1	A	single	unknown	1000GENOMES,	2
chr1	73489	73490	rs558384541	+1	T	single	unknown	1000GENOMES,WEILL_CORNELL_DGM,	2
chr1	74789	74790	rs13328700	+1	C	single	unknown	1000GENOMES,BCM_SSAHASNP,	2
chr1	74791	74792	rs13328684	+1	G	single	unknown	1000GENOMES,BCM_SSAHASNP,ENSEMBL,	2
chr1	76837	76838	rs563953605	+1	T	single	unknown	1000GENOMES,DDI,GENOMED,JJLAB,WEILL_CORNELL_DGM,	2
chr1	76853	76854	rs367666799	+1	A	single	unknown	1000GENOMES,DDI,JJLAB,SSMP,WEILL_CORNELL_DGM,	2
chr1	77762	77763	rs557457745	+1	G	single	unknown	1000GENOMES,WEILL_CORNELL_DGM,	2
chr1	77865	77866	rs563593912	+1	C	single	unknown	1000GENOMES,DDI,WEILL_CORNELL_DGM,	2
chr2	77873	77874	rs62641297	+1	G	single	unknown	1000GENOMES,BCMHGSC_JDW,DDI,EVA-GONL,WEILL_CORNELL_DGM,	2
chr2	78941	78942	rs372315362	+1	C	single	unknown	1000GENOMES,SSMP,	2
chr2	79136	79137	rs143777184	+1	A	single	unknown	1000GENOMES,TISHKOFF,WEILL_CORNELL_DGM,	2
chr2	81259	81260	rs571136476	+1	C	single	unknown	1000GENOMES,	2
chr2	81586	81587	rs536406113	+1	C	single	unknown	1000GENOMES,	2
chr2	82133	82135	rs550749506	+1	AA	deletion	unknown	1000GENOMES,	2
chr2	82162	82163	rs139113303	+1	G	single	unknown	1000GENOMES,EVA-GONL,EVA_GENOME_DK,WEILL_CORNELL_DGM,	2
chr2	82608	82609	rs149189449	+1	C	single	unknown	1000GENOMES,EVA-GONL,EVA_GENOME_DK,JJLAB,WEILL_CORNELL_DGM,	2
chr2	83083	83084	rs4030326	-1	T	single	unknown	1000GENOMES,BCMHGSC_JDW,DDI,ENSEMBL,EVA-GONL,EVA_GENOME_DK,GMI,JJLAB,SC_JCM,SSMP,TSC-CSHL,WEILL_CORNELL_DGM,	2
chr2	83513	83514	rs201754587	+1	C	single	unknown	1000GENOMES,EVA_GENOME_DK,GMI,JJLAB,WEILL_CORNELL_DGM,	2
chr2	83770	83771	rs189906733	+1	T	single	unknown	1000GENOMES,WEILL_CORNELL_DGM,	2
chr2	84138	84139	rs183605470	+1	A	single	unknown	1000GENOMES,EVA_DECODE,ILLUMINA,	2
chr2	84617	84618	rs576633512	+1	C	single	unknown	1000GENOMES,WEILL_CORNELL_DGM,	2
chr2	85891	85892	rs147185795	+1	A	single	unknown	1000GENOMES,WEILL_CORNELL_DGM,	2
chr2	86027	86028	rs114608975	+1	T	single	unknown	1000GENOMES,DDI,EVA-GONL,EVA_GENOME_DK,GENOMED,JJLAB,JMKIDD_LAB,SSMP,USC_VALOUEV,WEILL_CORNELL_DGM,	2
chr2	86064	86065	rs116504101	+1	G	single	unknown	1000GENOMES,DDI,EVA-GONL,JJLAB,SSMP,USC_VALOUEV,WEILL_CORNELL_DGM,	2
chr2	86191	86192	rs548281277	+1	G	single	unknown	1000GENOMES,SSIP,	2
chr2	86302	86303	rs2949417	+1	G	single	unknown	1000GENOMES,DDI,EVA-GONL,GMI,SC_JCM,SSMP,USC_VALOUEV,WEILL_CORNELL_DGM,	2
chr2	86330	86331	rs115209712	+1	A	single	unknown	1000GENOMES,DDI,EVA-GONL,GMI,ILLUMINA,SSMP,USC_VALOUEV,WEILL_CORNELL_DGM,	2
chr2	87359	87360	rs180907504	+1	C	single	unknown	1000GENOMES,EVA-GONL,GMI,SSMP,TISHKOFF,WEILL_CORNELL_DGM,	2
chr2	87408	87409	rs139490478	+1	C	single	unknown	1000GENOMES,DDI,EVA-GONL,EVA_GENOME_DK,JJLAB,SSMP,WEILL_CORNELL_DGM,	2
chr2	87646	87647	rs146836579	+1	T	single	unknown	1000GENOMES,WEILL_CORNELL_DGM,	2
chr2	88168	88169	rs940550	+1	C	single	unknown	1000GENOMES,BCMHGSC_JDW,CSHL-HAPMAP,DDI,ENSEMBL,EVA-GONL,GMI,HGSV,JJLAB,SC_JCM,SSMP,TSC-CSHL,WEILL_CORNELL_DGM,	2
chr2	88171	88172	rs940551	+1	G	single	unknown	1000GENOMES,EVA-GONL,TSC-CSHL,WEILL_CORNELL_DGM,	2
chr2	88176	88177	rs143215837	+1	G	single	unknown	1000GENOMES,EVA-GONL,EVA_GENOME_DK,WEILL_CORNELL_DGM,	2
chr2	88315	88316	rs113759966	+1	G	single	unknown	1000GENOMES,COMPLETE_GENOMICS,EVA-GONL,JJLAB,SSMP,USC_VALOUEV,WEILL_CORNELL_DGM,	2
chr2	88337	88338	rs55700207	+1	G	single	unknown	1000GENOMES,BCMHGSC_JDW,DDI,ENSEMBL,EVA-GONL,GENOMED,HGSV,ILLUMINA,JJLAB,WEILL_CORNELL_DGM,	2
chr2	88709	88710	rs186575039	+1	C	single	unknown	1000GENOMES,DDI,EVA-GONL,JJLAB,WEILL_CORNELL_DGM,	2
chr2	88793	88794	rs571366469	+1	T	single	unknown	1000GENOMES,	2
chr2	89517	89518	rs1464800	+1	C	single	unknown	SEQUENOM,TSC-CSHL,	2
chr2	89598	89599	rs375955515	+1	A	single	unknown	1000GENOMES,DDI,EVA_GENOME_DK,JJLAB,SSMP,WEILL_CORNELL_DGM,	2
chr2	89847	89848	rs940553	+1	A	single	unknown	SEQUENOM,TSC-CSHL,	2
chr2	89945	89946	rs138808727	+1	A	single	unknown	1000GENOMES,EVA-GONL,JJLAB,SSMP,WEILL_CORNELL_DGM,	2
chr2	90050	90051	rs7545609	+1	C	single	unknown	1000GENOMES,WEILL_CORNELL_DGM,WI_SSAHASNP,	2
chr2	91189	91190	rs143856811	+1	G	single	near-gene-3,ncRNA	1000GENOMES,EVA-GONL,EVA_GENOME_DK,JJLAB,SSMP,WEILL_CORNELL_DGM,	2
chr2	91420	91421	rs28619159	+1	T	single	ncRNA	1000GENOMES,DDI,HGSV,SSAHASNP,SSMP,WEILL_CORNELL_DGM,	2
chr2	91514	91515	rs376723915	+1	A	single	ncRNA	1000GENOMES,SSMP,WEILL_CORNELL_DGM,	2
chr2	91535	91536	rs6702460	+1	G	single	ncRNA	1000GENOMES,BCM_SSAHASNP,CSHL-HAPMAP,DDI,EVA-GONL,GMI,ILLUMINA,SSMP,WEILL_CORNELL_DGM,	2
chr2	91551	91551	rs375085441	+1	-	insertion	ncRNA	1000GENOMES,LUNTER,	2
chr2	91580	91581	rs1524604	+1	G	single	ncRNA	1000GENOMES,BCM_SSAHASNP,CSHL-HAPMAP,DDI,EVA-GONL,GMI,ILLUMINA,SSAHASNP,SSMP,TSC-CSHL,WEILL_CORNELL_DGM,	2
chr2	92632	92633	rs149776517	+1	C	single	intron	1000GENOMES,EVA-GONL,EVA_GENOME_DK,JJLAB,WEILL_CORNELL_DGM,	2
chr2	92857	92858	rs147061536	+1	G	single	intron	1000GENOMES,EVA-GONL,EVA_GENOME_DK,JJLAB,SSMP,WEILL_CORNELL_DGM,	2
chr2	95439	95440	rs544194668	+1	C	single	intron	1000GENOMES,EVA_GENOME_DK,WEILL_CORNELL_DGM,	2
chr2	98324	98325	rs531515788	+1	G	single	intron	1000GENOMES,WEILL_CORNELL_DGM,	2
chr2	99686	99687	rs139153227	+1	C	single	intron	1000GENOMES,EVA_GENOME_DK,JJLAB,SSMP,WEILL_CORNELL_DGM,	2
chr2	104280	104281	rs576842010	+1	T	single	intron	1000GENOMES,	2
chr2	108029	108030	rs550285297	+1	G	single	intron	1000GENOMES,WEILL_CORNELL_DGM,	2
chr2	108229	108230	rs9726668	+1	C	single	intron	1000GENOMES,BCM_SSAHASNP,SSAHASNP,WEILL_CORNELL_DGM,	2
chr2	111377	111378	rs1851944	-1	C	single	intron	TSC-CSHL,	2
chr2	115745	115746	rs147538909	+1	C	single	intron	1000GENOMES,DDI,EVA-GONL,GENOMED,ILLUMINA,SSMP,USC_VALOUEV,WEILL_CORNELL_DGM,	2
chr2	118629	118630	rs374543768	+1	C	single	intron	1000GENOMES,EVA-GONL,SSMP,WEILL_CORNELL_DGM,	2
chr2	122871	122872	rs62642125	+1	T	single	intron	1000GENOMES,BCMHGSC_JDW,EVA_GENOME_DK,JJLAB,PADH-LAB_SPU,SSMP,WEILL_CORNELL_DGM,	2
chr2	129010	129013	rs377161483	+1	ATG	deletion	intron	1000GENOMES,EVA_GENOME_DK,PADH-LAB_SPU,SSIP,SSMP,	2
chr2	134132	134133	rs551491511	+1	G	single	intron	1000GENOMES,	2
chr2	135162	135163	rs374499151	+1	C	single	intron,ncRNA	1000GENOMES,PADH-LAB_SPU,SSMP,WEILL_CORNELL_DGM,	2
chr2	135202	135203	rs147502335	+1	G	single	intron,ncRNA	1000GENOMES,DDI,EVA-GONL,EVA_MGP,SSMP,WEILL_CORNELL_DGM,	2
chr2	138564	138565	rs771537983	+1	G	single	intron,ncRNA	EVA_EXAC,EVA_MGP,JJLAB,	2
chr2	138592	138593	rs375595668	+1	G	single	intron,ncRNA	1000GENOMES,BILGI_BIOE,EVA_EXAC,EVA_MGP,JJLAB,WEILL_CORNELL_DGM,	2
chr2	139212	139213	rs370723703	+1	A	single	intron,ncRNA	EVA_EXAC,EVA_GENOME_DK,JJLAB,SSMP,WEILL_CORNELL_DGM,	2
chr2	139232	139233	rs373847457	+1	C	single	intron,ncRNA	EVA_EXAC,EVA_GENOME_DK,JJLAB,SSMP,WEILL_CORNELL_DGM,	2
chr2	173051	173052	rs564576411	+1	C	single	intron	1000GENOMES,	2
chr2	262697	262698	rs144169752	+1	G	single	intron	1000GENOMES,BL,GMI,SSMP,WEILL_CORNELL_DGM,	2
chr2	263721	263722	rs112455420	+1	C	single	intron	1000GENOMES,BUSHMAN,DDI,EVA-GONL,EVA_GENOME_DK,GENOMED,GMI,SSMP,WEILL_CORNELL_DGM,	2
chr2	267753	267754	rs367639380	+1	T	single	near-gene-5	1000GENOMES,JJLAB,SSMP,WEILL_CORNELL_DGM,	2
chr2	271617	271618	rs11490246	+1	C	single	unknown	1000GENOMES,BL,DDI,ENSEMBL,EVA_GENOME_DK,GMI,JJLAB,SC_SNP,SSMP,TOPMED,WEILL_CORNELL_DGM,	2
chr2	279524	279524	rs200079338	+1	-	insertion	unknown	1000GENOMES,GMI,LUNTER,	2
chr2	281876	281877	rs72502741	+1	C	deletion	unknown	1000GENOMES,BGI,BL,EVA_GENOME_DK,GMI,JJLAB,LUNTER,SSMP,	2
chr2	282606	282607	rs11489922	-1	G	single	unknown	BCMHGSC_JDW,ENSEMBL,PADH-LAB_SPU,SC_SNP,	2
chr2	282997	282998	rs75541537	+1	C	single	unknown	ENSEMBL,HGSV,JJLAB,	2
chr2	283044	283045	rs9699795	+1	T	single	unknown	ENSEMBL,HGSV,SC_JCM,WUGSC_SSAHASNP,	2
chr2	283101	283102	rs9699802	+1	T	single	unknown	ENSEMBL,GENOMED,GMI,HGSV,SC_JCM,WUGSC_SSAHASNP,	2
chr2	283121	283122	rs9700554	+1	G	single	unknown	ENSEMBL,HGSV,SC_JCM,WUGSC_SSAHASNP,	2
chr2	284434	284435	rs148663102	+1	T	single	unknown	1000GENOMES,GMI,SSMP,	2
chr2	285881	285882	rs375136935	+1	A	single	unknown	1000GENOMES,JJLAB,SSMP,WEILL_CORNELL_DGM,	2
chr2	286172	286172	rs199745078	+1	-	insertion	unknown	1000GENOMES,EVA_GENOME_DK,JJLAB,LUNTER,	2
chr2	286271	286272	rs554693544	+1	A	single	unknown	1000GENOMES,DDI,EVA_GENOME_DK,WEILL_CORNELL_DGM,	2
chr2	286746	286747	rs369556846	+1	A	single	unknown	1000GENOMES,BILGI_BIOE,DDI,EVA_GENOME_DK,JJLAB,SSMP,WEILL_CORNELL_DGM,	2
chr2	286834	286835	rs140435168	+1	T	single	unknown	1000GENOMES,WEILL_CORNELL_DGM,	2
chr2	288385	288386	rs370718922	+1	G	single	unknown	1000GENOMES,JJLAB,SSMP,WEILL_CORNELL_DGM,	2
chr2	297476	297479	rs374780253	+1	TAA	deletion	unknown	1000GENOMES,EVA_DECODE,SSIP,SSMP,	2
chr2	456092	456092	rs572571697	-1	-	insertion	unknown	1000GENOMES,	2
chr2	456429	456430	rs138802168	-1	C	single	unknown	1000GENOMES,EVA-GONL,	2
chr2	456431	456432	rs182870673	-1	A	single	unknown	1000GENOMES,GMI,JJLAB,WEILL_CORNELL_DGM,	2
chr2	456432	456433	rs541569731	-1	A	single	unknown	1000GENOMES,JJLAB,WEILL_CORNELL_DGM,	2
chr2	465005	465006	rs2491331	-1	A	single	unknown	BCMHGSC_JDW,ENSEMBL,GMI,HUMANGENOME_JCVI,SC_JCM,SC_SNP,TSC-CSHL,	3
chr2	465928	465929	rs2527593	+1	C	single	unknown	BCMHGSC_JDW,ENSEMBL,HUMANGENOME_JCVI,SC_JCM,SC_SNP,TSC-CSHL,WI_SSAHASNP,	2
chr2	494261	494262	rs368711369	-1	C	single	ncRNA	EVA_EXAC,PADH-LAB_SPU,SSMP,	2
chr2	494321	494322	rs749089106	-1	G	single	ncRNA	EVA_EXAC,WEILL_CORNELL_DGM,	2
chr2	494510	494511	rs542222769	-1	T	single	ncRNA	1000GENOMES,EVA_EXAC,	4
chr2	494514	494515	rs576317820	-1	T	single	ncRNA	1000GENOMES,EVA_EXAC,EVA_MGP,WEILL_CORNELL_DGM,	2
chr2	494541	494542	rs559396557	-1	G	single	ncRNA	1000GENOMES,EVA-GONL,EVA_EXAC,EVA_MGP,	4
chr2	494546	494547	rs576662942	-1	C	single	ncRNA	1000GENOMES,EVA_EXAC,	4
chr2	494771	494772	rs750036001	-1	C	single	ncRNA	EVA_EXAC,	2
chr2	494780	494781	rs767083014	-1	C	single	ncRNA	EVA_EXAC,WEILL_CORNELL_DGM,	2
chr2	586197	586198	rs368130516	+1	G	single	near-gene-3	1000GENOMES,PADH-LAB_SPU,SSMP,	2
chr2	586669	586670	rs17358985	-1	C	single	intron	SEQUENOM,	2
chr2	586704	586705	rs17354850	-1	C	single	intron	SEQUENOM,	2
chr2	591355	591356	rs28863004	+1	C	single	intron	1000GENOMES,GMI,ILLUMINA,SSAHASNP,	2
chr2	591451	591452	rs192574259	+1	G	single	intron	1000GENOMES,EVA-GONL,WEILL_CORNELL_DGM,	2
chr2	591459	591460	rs60396226	+1	T	single	intron	1000GENOMES,BUSHMAN,EVA-GONL,HGSV,SSMP,WEILL_CORNELL_DGM,	2
chr2	591826	591827	rs112901516	+1	A	single	intron	1000GENOMES,BUSHMAN,WEILL_CORNELL_DGM,	2
chr4	594401	594402	rs144425991	+1	C	single	intron	1000GENOMES,DDI,EVA-GONL,GMI,SSMP,WEILL_CORNELL_DGM,	2
chr4	596628	596629	rs201982178	+1	T	single	intron	1000GENOMES,GMI,SSMP,WEILL_CORNELL_DGM,	2
chr4	596670	596671	rs184296032	+1	A	single	intron	1000GENOMES,WEILL_CORNELL_DGM,	2
chr4	596743	596744	rs575867421	+1	A	single	intron	1000GENOMES,USC_VALOUEV,	2
chr4	596945	596947	rs577455319	+1	CA	deletion	intron	1000GENOMES,	2
chr4	597548	597549	rs12240002	+1	T	single	intron	1000GENOMES,SC_SNP,SSMP,WEILL_CORNELL_DGM,	2
chr4	597732	597733	rs375227545	+1	A	single	intron	1000GENOMES,SSMP,WEILL_CORNELL_DGM,	2
chr4	597781	597782	rs112369404	+1	C	single	intron	1000GENOMES,BUSHMAN,WEILL_CORNELL_DGM,	2
chr4	597789	597790	rs114617477	+1	G	single	intron	1000GENOMES,DDI,EVA-GONL,WEILL_CORNELL_DGM,	2
chr4	597798	597799	rs111501994	+1	A	single	intron	1000GENOMES,BUSHMAN,SSMP,WEILL_CORNELL_DGM,	2
chr4	597816	597817	rs201080464	+1	A	single	intron	1000GENOMES,DDI,EVA-GONL,GMI,SSMP,USC_VALOUEV,WEILL_CORNELL_DGM,	2
chr4	597817	597818	rs78497331	+1	C	single	intron	1000GENOMES,GMI,HAMMER_LAB,SSMP,WEILL_CORNELL_DGM,	2
chr4	597825	597826	rs564920906	+1	A	single	intron	1000GENOMES,USC_VALOUEV,WEILL_CORNELL_DGM,	2
chr4	597910	597911	rs75693233	+1	G	single	intron	ENSEMBL,SSMP,	2
chr4	598734	598735	rs372070915	+1	T	single	intron	1000GENOMES,PADH-LAB_SPU,SSMP,	2
chr4	598940	598941	rs536226227	+1	G	single	intron	1000GENOMES,GENOMED,PADH-LAB_SPU,USC_VALOUEV,	2
chr4	600315	600316	rs151048542	+1	G	single	intron	1000GENOMES,WEILL_CORNELL_DGM,	2
chr4	600578	600579	rs202206030	+1	G	single	intron	1000GENOMES,GMI,SSMP,WEILL_CORNELL_DGM,	2
chr4	600714	600715	rs189259765	+1	C	single	intron	1000GENOMES,GMI,MPI_MOLGEN,WEILL_CORNELL_DGM,	2
chr4	601435	601436	rs373360530	+1	C	single	missense	1000GENOMES,JJLAB,SSMP,WEILL_CORNELL_DGM,	2
chr4	605594	605595	rs80246094	+1	G	single	intron	1000GENOMES,EVA-GONL,GMI,WEILL_CORNELL_DGM,	2
chr4	605698	605699	rs548068956	+1	G	single	intron	1000GENOMES,WEILL_CORNELL_DGM,	2
chr4	608126	608127	rs61769263	+1	T	single	intron	BCMHGSC_JDW,ENSEMBL,GMI,HUMANGENOME_JCVI,	2
chr4	608255	608256	rs61769264	+1	G	single	intron	BCMHGSC_JDW,ENSEMBL,HUMANGENOME_JCVI,	2
chr4	611266	611267	rs375803869	+1	G	single	missense	1000GENOMES,JJLAB,SSMP,WEILL_CORNELL_DGM,	2
chr4	611267	611268	rs556186494	+1	C	single	coding-synon	1000GENOMES,	2
chr4	611421	611422	rs113633859	+1	G	single	near-gene-5	1000GENOMES,BL,BUSHMAN,GMI,WEILL_CORNELL_DGM,	2
chr4	611424	611425	rs61769283	+1	T	single	near-gene-5	1000GENOMES,BCMHGSC_JDW,GMI,	2
chr4	623754	623755	rs202038446	+1	T	single	unknown	1000GENOMES,GMI,	2
chr4	624604	624605	rs557203750	+1	C	single	unknown	1000GENOMES,WEILL_CORNELL_DGM,	2
chr4	627735	627736	rs533118292	+1	G	single	ncRNA	1000GENOMES,WEILL_CORNELL_DGM,	2
chr4	628777	628778	rs529192661	+1	C	single	intron	1000GENOMES,WEILL_CORNELL_DGM,	2
chr4	629217	629218	rs6594028	+1	A	single	near-gene-5	1000GENOMES,BCM-HGSC-SUB,COMPLETE_GENOMICS,GMI,HAMMER_LAB,PJP,SC_JCM,SC_SNP,TISHKOFF,WI_SSAHASNP,WUGSC_SSAHASNP,	2
chr4	629240	629241	rs10458597	+1	C	single	near-gene-5	AFFY,BGI,EVA_SVP,KRIBB_YJKIM,SC_SNP,	2
chr4	629273	629274	rs147404388	+1	G	single	near-gene-5	1000GENOMES,BCM-HGSC-SUB,COMPLETE_GENOMICS,GMI,PJP,SC_SNP,TISHKOFF,WI_SSAHASNP,WUGSC_SSAHASNP,	2
chr4	629333	629334	rs563468890	+1	A	single	near-gene-5	1000GENOMES,	2
chr4	629481	629482	rs1988726	+1	T	single	near-gene-5	1000GENOMES,BCM-HGSC-SUB,BCMHGSC_JDW,BILGI_BIOE,BROAD,COMPLETE_GENOMICS,GMI,HAMMER_LAB,ILLUMINA,SC_JCM,SC_SNP,TISHKOFF,TSC-CSHL,WI_SSAHASNP,WUGSC_SSAHASNP,	2
chr4	629625	629626	rs1856864	-1	T	single	near-gene-5	1000GENOMES,BCM-HGSC-SUB,COMPLETE_GENOMICS,GMI,HAMMER_LAB,PJP,SC_SNP,TISHKOFF,TSC-CSHL,WEILL_CORNELL_DGM,WI_SSAHASNP,WUGSC_SSAHASNP,	2
chr4	629755	629756	rs530783041	+1	T	single	near-gene-5	1000GENOMES,BROAD,SC_JCM,TSC-CSHL,	2
chr4	629905	629906	rs1578391	-1	C	single	near-gene-5	1000GENOMES,BCM-HGSC-SUB,COMPLETE_GENOMICS,GMI,HAMMER_LAB,ILLUMINA,PJP,SC_SNP,TISHKOFF,TSC-CSHL,WEILL_CORNELL_DGM,WI_SSAHASNP,WUGSC_SSAHASNP,	2
chr4	629993	629994	rs9701779	+1	A	single	near-gene-5	BROAD,GMI,ILLUMINA,PERLEGEN,SC_JCM,	2
chr4	630025	630026	rs6594029	+1	C	single	near-gene-5	1000GENOMES,BCM-HGSC-SUB,COMPLETE_GENOMICS,GMI,HAMMER_LAB,PJP,SC_JCM,SC_SNP,TISHKOFF,WEILL_CORNELL_DGM,WI_SSAHASNP,WUGSC_SSAHASNP,	2
chr4	630052	630053	rs9701055	+1	C	single	near-gene-5	1000GENOMES,BROAD,GENOMED,GMI,ILLUMINA,PERLEGEN,SC_JCM,	2
chr4	630083	630084	rs6594030	+1	T	single	near-gene-5	1000GENOMES,BCM-HGSC-SUB,BILGI_BIOE,COMPLETE_GENOMICS,ENSEMBL,GMI,HAMMER_LAB,ILLUMINA,SC_JCM,SC_SNP,TISHKOFF,WI_SSAHASNP,WUGSC_SSAHASNP,	2
chr4	630109	630110	rs7349153	+1	T	single	near-gene-5	1000GENOMES,BCM-HGSC-SUB,BGI,COMPLETE_GENOMICS,ENSEMBL,GMI,HAMMER_LAB,ILLUMINA,PJP,SC_SNP,WI_SSAHASNP,WUGSC_SSAHASNP,	2
chr4	630127	630128	rs9283150	+1	G	single	near-gene-5	1000GENOMES,BCM-HGSC-SUB,BGI,COMPLETE_GENOMICS,ENSEMBL,GMI,HAMMER_LAB,PJP,SC_JCM,SC_SNP,WI_SSAHASNP,WUGSC_SSAHASNP,	2
chr4	630160	630161	rs6594031	+1	A	single	near-gene-5	1000GENOMES,BCM-HGSC-SUB,COMPLETE_GENOMICS,ENSEMBL,GMI,HAMMER_LAB,PJP,SC_JCM,SC_SNP,TISHKOFF,TOPMED,WI_SSAHASNP,WUGSC_SSAHASNP,	2
chr4	630205	630206	rs560045585	+1	A	single	near-gene-5	1000GENOMES,	2
chr4	630210	630211	rs7416152	+1	C	single	near-gene-5	1000GENOMES,BCM-HGSC-SUB,BCMHGSC_JDW,BL,COMPLETE_GENOMICS,ENSEMBL,GMI,HAMMER_LAB,HGSV,PJP,SC_JCM,SC_SNP,SSMP,TISHKOFF,WEILL_CORNELL_DGM,WUGSC_SSAHASNP,	2
chr4	630215	630216	rs9782892	+1	G	single	near-gene-5	1000GENOMES,BROAD,EXOME_CHIP,ILLUMINA,WI_SSAHASNP,	2
chr6	630316	630317	rs3021087	+1	A	single	near-gene-5	1000GENOMES,BCM-HGSC-SUB,BROAD,COMPLETE_GENOMICS,ENSEMBL,GMI,HAMMER_LAB,PJP,SC_JCM,SC_SNP,TISHKOFF,WEILL_CORNELL_DGM,WI_SSAHASNP,WUGSC_SSAHASNP,	2
chr6	630347	630348	rs199661867	+1	C	single	near-gene-5	1000GENOMES,GMI,	2
chr6	630361	630362	rs535902969	+1	A	single	near-gene-5	1000GENOMES,	2
chr6	630554	630555	rs55973403	+1	C	single	near-gene-5	1000GENOMES,EVA-GONL,EVA_DECODE,HGSV,ILLUMINA,JJLAB,SSMP,WEILL_CORNELL_DGM,	2
chr6	630556	630557	rs7417504	+1	T	single	near-gene-5	1000GENOMES,BCM-HGSC-SUB,COMPLETE_GENOMICS,ENSEMBL,GMI,HAMMER_LAB,PJP,SC_JCM,SC_SNP,TISHKOFF,WUGSC_SSAHASNP,	2
chr6	630640	630641	rs6421778	+1	A	single	near-gene-5	1000GENOMES,BCM-HGSC-SUB,BILGI_BIOE,COMPLETE_GENOMICS,ENSEMBL,GMI,HAMMER_LAB,SC_JCM,SC_SNP,WI_SSAHASNP,WUGSC_SSAHASNP,	2
chr6	630643	630644	rs6421779	+1	G	single	near-gene-5	1000GENOMES,BCM-HGSC-SUB,BILGI_BIOE,COMPLETE_GENOMICS,ENSEMBL,GMI,HAMMER_LAB,ILLUMINA,SC_JCM,SC_SNP,WI_SSAHASNP,WUGSC_SSAHASNP,	2
chr6	630749	630750	rs1832730	+1	C	single	near-gene-5	1000GENOMES,BCM-HGSC-SUB,BCMHGSC_JDW,BGI,COMPLETE_GENOMICS,ENSEMBL,GMI,HAMMER_LAB,PJP,SC_SNP,TISHKOFF,TSC-CSHL,WI_SSAHASNP,WUGSC_SSAHASNP,	2
chr6	630942	630943	rs572007875	+1	G	single	near-gene-5	1000GENOMES,BROAD,ILLUMINA,WI_SSAHASNP,	2
chr6	630990	630991	rs1832731	+1	A	single	near-gene-5	1000GENOMES,BCM-HGSC-SUB,COMPLETE_GENOMICS,GMI,HAMMER_LAB,PJP,SC_SNP,TSC-CSHL,WI_SSAHASNP,WUGSC_SSAHASNP,	2
chr6	631192	631193	rs1856866	+1	A	single	unknown	1000GENOMES,BCM-HGSC-SUB,COMPLETE_GENOMICS,GMI,HAMMER_LAB,PJP,SC_SNP,TISHKOFF,TSC-CSHL,WEILL_CORNELL_DGM,WI_SSAHASNP,WUGSC_SSAHASNP,	2
chr6	631390	631391	rs2185536	+1	C	single	unknown	BCM-HGSC-SUB,BROAD,COMPLETE_GENOMICS,GMI,HAMMER_LAB,ILLUMINA,PJP,SC_SNP,TISHKOFF,TSC-CSHL,WI_SSAHASNP,	2
chr6	631411	631412	rs9283152	+1	T	single	unknown	1000GENOMES,BCM-HGSC-SUB,COMPLETE_GENOMICS,EVA-GONL,GMI,HAMMER_LAB,PJP,SC_JCM,SC_SNP,WEILL_CORNELL_DGM,WI_SSAHASNP,WUGSC_SSAHASNP,	2
chr6	631489	631490	rs528621909	+1	T	single	unknown	1000GENOMES,EVA-GONL,EVA_DECODE,JJLAB,WEILL_CORNELL_DGM,	2
chr6	631494	631495	rs2185539	+1	C	single	unknown	1000GENOMES,EVA-GONL,ILLUMINA,JJLAB,KRIBB_YJKIM,TSC-CSHL,WEILL_CORNELL_DGM,	2
chr6	631552	631553	rs113120793	+1	A	single	unknown	1000GENOMES,AFFY,BCM-HGSC-SUB,BGI,COMPLETE_GENOMICS,GMI,HAMMER_LAB,PJP,SC_SNP,TISHKOFF,WI_SSAHASNP,WUGSC_SSAHASNP,	2
chr6	631579	631580	rs2185540	+1	T	single	unknown	1000GENOMES,BCM-HGSC-SUB,COMPLETE_GENOMICS,GMI,HAMMER_LAB,PJP,SC_SNP,TISHKOFF,TSC-CSHL,WI_SSAHASNP,WUGSC_SSAHASNP,	2
chr6	631711	631712	rs9326622	+1	T	single	unknown	1000GENOMES,BCM-HGSC-SUB,BGI,COMPLETE_GENOMICS,GMI,HAMMER_LAB,PJP,SC_JCM,SC_SNP,TISHKOFF,	2
chr6	631738	631739	rs9283153	+1	A	single	unknown	1000GENOMES,BCM-HGSC-SUB,COMPLETE_GENOMICS,GMI,HAMMER_LAB,ILLUMINA,PJP,SC_JCM,SC_SNP,TISHKOFF,WI_SSAHASNP,WUGSC_SSAHASNP,	2
chr6	631995	631996	rs1972376	+1	G	single	near-gene-3	1000GENOMES,TSC-CSHL,WEILL_CORNELL_DGM,	2
chr6	632159	632160	rs146275198	+1	A	single	near-gene-3	1000GENOMES,KRIBB_YJKIM,PJP,	2
chr6	632225	632226	rs567334121	+1	A	single	near-gene-3	1000GENOMES,HAMMER_LAB,ILLUMINA,PJP,	2
chr6	632315	632316	rs367588992	+1	C	single	near-gene-3	1000GENOMES,EVA_EXAC,SSMP,WEILL_CORNELL_DGM,	2
chr6	632316	632317	rs1972379	+1	G	single	near-gene-3	1000GENOMES,BCM-HGSC-SUB,BCMHGSC_JDW,BROAD,COMPLETE_GENOMICS,GMI,ILLUMINA,PJP,SC_JCM,SC_SNP,TISHKOFF,TSC-CSHL,WI_SSAHASNP,WUGSC_SSAHASNP,	2
chr6	632317	632318	rs764498606	+1	C	single	near-gene-3	EVA_EXAC,	2
chr6	632345	632346	rs560688216	+1	T	single	ncRNA	1000GENOMES,AFFY,EVA_EXAC,ILLUMINA,KRIBB_YJKIM,TISHKOFF,	2
chr6	632366	632367	rs532762852	+1	C	single	ncRNA	1000GENOMES,AFFY,EVA_EXAC,KRIBB_YJKIM,	3
chr6	632386	632387	rs368638493	+1	G	single	ncRNA	1000GENOMES,EVA-GONL,EVA_EXAC,JJLAB,SSMP,WEILL_CORNELL_DGM,	2
chr6	632402	632403	rs2000095	+1	T	single	ncRNA	BCM-HGSC-SUB,COMPLETE_GENOMICS,EVA_EXAC,GMI,HAMMER_LAB,PJP,SC_SNP,TSC-CSHL,WEILL_CORNELL_DGM,WI_SSAHASNP,WUGSC_SSAHASNP,	2
chr6	632426	632427	rs2853819	+1	T	single	near-gene-5	1000GENOMES,BCM-HGSC-SUB,BROAD,COMPLETE_GENOMICS,GMI,ILLUMINA,PJP,SC_JCM,SC_SNP,TISHKOFF,TSC-CSHL,WI_SSAHASNP,WUGSC_SSAHASNP,	2
chr6	632444	632445	rs9701483	+1	C	single	near-gene-5	1000GENOMES,BROAD,EVA_EXAC,ILLUMINA,PERLEGEN,SC_JCM,WEILL_CORNELL_DGM,	2
chr6	632486	632487	rs2000096	+1	A	single	near-gene-5	1000GENOMES,BCM-HGSC-SUB,BCMHGSC_JDW,BUSHMAN,COMPLETE_GENOMICS,GMI,HAMMER_LAB,ILLUMINA,PJP,SC_SNP,TSC-CSHL,WEILL_CORNELL_DGM,WI_SSAHASNP,WUGSC_SSAHASNP,	2
chr6	632559	632560	rs144892194	+1	T	single	near-gene-5	1000GENOMES,PJP,WEILL_CORNELL_DGM,	2
chr6	632643	632644	rs61769294	+1	A	single	near-gene-5	1000GENOMES,BCMHGSC_JDW,ILLUMINA,SSMP,WEILL_CORNELL_DGM,	2
chr6	632833	632834	rs373437560	+1	C	single	near-gene-5	1000GENOMES,EVA-GONL,EVA_MGP,SSMP,WEILL_CORNELL_DGM,YSAMUELS,	2
chr6	632875	632876	rs4098612	+1	C	single	near-gene-5	1000GENOMES,BCM-HGSC-SUB,COMPLETE_GENOMICS,GENOMED,GMI,HAMMER_LAB,PJP,SC_SNP,TISHKOFF,TSC-CSHL,WI_SSAHASNP,WUGSC_SSAHASNP,	2
chr6	632927	632928	rs568242848	+1	G	single	near-gene-5	1000GENOMES,EVA_GENOME_DK,EVA_MGP,JJLAB,WEILL_CORNELL_DGM,	2
chr6	632941	632942	rs9699599	+1	A	single	near-gene-5	1000GENOMES,BROAD,SC_JCM,TISHKOFF,	2
chr6	633031	633032	rs377573539	+1	T	single	near-gene-5	1000GENOMES,DDI,EVA-GONL,EVA_MGP,ILLUMINA,JJLAB,SSMP,USC_VALOUEV,WEILL_CORNELL_DGM,	2
chr6	633037	633038	rs559716105	+1	C	single	near-gene-5	1000GENOMES,WI_SSAHASNP,	2
chr6	633038	633039	rs3905037	+1	T	single	near-gene-5	1000GENOMES,BCM-HGSC-SUB,BGI,COMPLETE_GENOMICS,GMI,HAMMER_LAB,PJP,SC_SNP,TISHKOFF,TSC-CSHL,WI_SSAHASNP,WUGSC_SSAHASNP,	2
chr6	633061	633062	rs7419218	+1	T	single	near-gene-5	1000GENOMES,BCM-HGSC-SUB,COMPLETE_GENOMICS,GMI,HAMMER_LAB,PJP,SC_JCM,SC_SNP,TISHKOFF,WI_SSAHASNP,WUGSC_SSAHASNP,	2
chr6	633070	633071	rs78032279	+1	C	single	near-gene-5	1000GENOMES,DDI,ENSEMBL,EVA_MGP,SSMP,USC_VALOUEV,WEILL_CORNELL_DGM,	2
chr6	633250	633251	rs76167418	+1	C	single	near-gene-5	1000GENOMES,ENSEMBL,PJP,SSMP,WEILL_CORNELL_DGM,	2
chr6	633263	633264	rs78639846	+1	T	single	near-gene-5	1000GENOMES,ENSEMBL,PJP,SSMP,WEILL_CORNELL_DGM,	2
chr6	633289	633290	rs75654607	+1	T	single	near-gene-5	1000GENOMES,ENSEMBL,SSMP,WEILL_CORNELL_DGM,	2
chr6	633328	633329	rs148329687	+1	A	single	near-gene-5	1000GENOMES,EVA-GONL,ILLUMINA,SSMP,WEILL_CORNELL_DGM,	2
chr6	633416	633417	rs140714337	+1	A	single	near-gene-5	1000GENOMES,PJP,	2
chr6	633419	633420	rs375217967	+1	G	single	near-gene-5	1000GENOMES,BCMHGSC_JDW,COMPLETE_GENOMICS,SSMP,WEILL_CORNELL_DGM,	2
chr6	633442	633443	rs561728059	+1	C	single	near-gene-5	1000GENOMES,WEILL_CORNELL_DGM,	2
chr6	633443	633444	rs527519500	+1	C	single	near-gene-5	1000GENOMES,	2
chr6	633713	633714	rs9283154	+1	A	single	near-gene-5	1000GENOMES,BCM-HGSC-SUB,COMPLETE_GENOMICS,GMI,HAMMER_LAB,PJP,SC_JCM,SC_SNP,TISHKOFF,WEILL_CORNELL_DGM,WI_SSAHASNP,WUGSC_SSAHASNP,	2
chr6	633752	633753	rs571509850	+1	G	single	near-gene-5	1000GENOMES,GENOMED,KRIBB_YJKIM,	2
chr6	633786	633787	rs577955094	+1	T	single	near-gene-5	1000GENOMES,	2
chr6	633823	633824	rs112660509	+1	T	single	near-gene-5	1000GENOMES,BCM-HGSC-SUB,COMPLETE_GENOMICS,GENOMED,GMI,PJP,SC_SNP,TISHKOFF,WI_SSAHASNP,WUGSC_SSAHASNP,	2
chr6	633845	633846	rs6594032	+1	C	single	near-gene-5	1000GENOMES,BCM-HGSC-SUB,BGI,COMPLETE_GENOMICS,GENOMED,GMI,HAMMER_LAB,PJP,SC_SNP,WEILL_CORNELL_DGM,WI_SSAHASNP,WUGSC_SSAHASNP,	2
chr6	633869	633870	rs149524355	+1	G	single	near-gene-5	1000GENOMES,BCM-HGSC-SUB,COMPLETE_GENOMICS,GMI,PJP,SC_SNP,	2
chr6	633886	633887	rs6650105	+1	G	single	near-gene-5	1000GENOMES,BCM-HGSC-SUB,COMPLETE_GENOMICS,GMI,HAMMER_LAB,PJP,SC_SNP,WI_SSAHASNP,WUGSC_SSAHASNP,	2
chr6	634210	634211	rs560715817	+1	C	single	near-gene-5	1000GENOMES,KRIBB_YJKIM,WEILL_CORNELL_DGM,	2
chr6	634382	634383	rs11240783	+1	A	single	near-gene-5	1000GENOMES,PJP,SC_SNP,	2
chr6	634389	634390	rs7520428	+1	A	single	near-gene-5	BROAD,ILLUMINA,PERLEGEN,TISHKOFF,WI_SSAHASNP,	2
chr6	634422	634423	rs2096045	+1	G	single	unknown	COMPLETE_GENOMICS,GMI,HAMMER_LAB,PJP,SC_SNP,TISHKOFF,TSC-CSHL,WEILL_CORNELL_DGM,WI_SSAHASNP,WUGSC_SSAHASNP,	2
chr6	634552	634553	rs368347679	+1	G	single	unknown	1000GENOMES,EVA_GENOME_DK,SSMP,USC_VALOUEV,WEILL_CORNELL_DGM,	2
chr6	634695	634696	rs9326625	+1	T	single	unknown	1000GENOMES,BCM-HGSC-SUB,BL,COMPLETE_GENOMICS,GMI,HAMMER_LAB,SC_SNP,WUGSC_SSAHASNP,	2
chr6	634698	634699	rs9283156	+1	C	single	unknown	1000GENOMES,BCM-HGSC-SUB,BILGI_BIOE,COMPLETE_GENOMICS,EVA-GONL,GMI,HAMMER_LAB,SC_JCM,SC_SNP,WI_SSAHASNP,WUGSC_SSAHASNP,	2
chr6	634713	634714	rs7339962	+1	G	single	unknown	1000GENOMES,BCM-HGSC-SUB,BILGI_BIOE,BROAD,COMPLETE_GENOMICS,GMI,HAMMER_LAB,SC_SNP,WUGSC_SSAHASNP,	2
chr6	634716	634717	rs2298012	+1	A	single	unknown	1000GENOMES,BCM-HGSC-SUB,BILGI_BIOE,COMPLETE_GENOMICS,GMI,HAMMER_LAB,SC_SNP,WUGSC_SSAHASNP,YUSUKE,	2
chr6	634797	634798	rs9326626	+1	G	single	unknown	1000GENOMES,BCM-HGSC-SUB,COMPLETE_GENOMICS,GMI,HAMMER_LAB,ILLUMINA,PJP,SC_JCM,SC_SNP,SSMP,WEILL_CORNELL_DGM,	2
chr6	635257	635258	rs368120791	+1	T	single	unknown	1000GENOMES,JJLAB,SSMP,WEILL_CORNELL_DGM,	2
chr6	638389	638390	rs557680320	+1	C	single	unknown	1000GENOMES,WEILL_CORNELL_DGM,	2
chr6	638439	638440	rs577824455	+1	G	single	unknown	1000GENOMES,WEILL_CORNELL_DGM,	2
chr6	638769	638770	rs542690860	+1	T	single	unknown	1000GENOMES,WEILL_CORNELL_DGM,	2
chr6	638770	638771	rs74047006	+1	A	single	unknown	1000GENOMES,EVA_GENOME_DK,GMI,ILLUMINA-UK,USC_VALOUEV,WEILL_CORNELL_DGM,	2
chr6	638969	638970	rs372776175	+1	A	single	unknown	1000GENOMES,SSMP,WEILL_CORNELL_DGM,	2
chr6	648102	648103	rs577801075	+1	C	single	unknown	1000GENOMES,	2
chr6	663452	663453	rs113167131	+1	T	single	unknown	1000GENOMES,BUSHMAN,DDI,GMI,JJLAB,SSMP,WEILL_CORNELL_DGM,	2
chr6	664937	664938	rs536144132	+1	A	single	unknown	1000GENOMES,JJLAB,WEILL_CORNELL_DGM,	2
chr6	665097	665098	rs114979547	+1	G	single	unknown	1000GENOMES,DDI,EVA-GONL,GMI,SSMP,WEILL_CORNELL_DGM,	2
chr6	665114	665115	rs147241137	+1	G	single	unknown	1000GENOMES,DDI,WEILL_CORNELL_DGM,	2
chr6	665142	665143	rs558809206	+1	T	single	unknown	1000GENOMES,WEILL_CORNELL_DGM,	2
chr6	666202	666203	rs2792926	-1	G	single	unknown	1000GENOMES,BCM-HGSC-SUB,EVA-GONL,ILLUMINA,SC_JCM,TSC-CSHL,WEILL_CORNELL_DGM,	2
chr6	668134	668135	rs190065153	+1	C	single	unknown	1000GENOMES,WEILL_CORNELL_DGM,	2
chr6	668135	668136	rs182349900	+1	C	single	unknown	1000GENOMES,WEILL_CORNELL_DGM,	2
chr6	668689	668690	rs560619932	+1	G	single	unknown	1000GENOMES,DDI,WEILL_CORNELL_DGM,	2
chr6	668849	668849	rs556776674	+1	-	insertion	unknown	1000GENOMES,SSIP,SSMP,	2
chr6	668918	668919	rs111824286	+1	C	single	unknown	1000GENOMES,BCM-HGSC-SUB,	2
chr6	668971	668972	rs369953380	+1	G	single	unknown	1000GENOMES,PADH-LAB_SPU,SSMP,WEILL_CORNELL_DGM,	2
chr6	677308	677311	rs201365517	+1	CTC	deletion	unknown	1000GENOMES,DDI,EVA_DECODE,GMI,SSMP,	2
chr6	683005	683006	rs202025951	+1	T	single	unknown	1000GENOMES,GMI,JJLAB,	2
chr6	689818	689819	rs568513310	+1	C	single	intron	1000GENOMES,	2
chr6	690033	690034	rs113952007	+1	G	single	intron	1000GENOMES,BCM-HGSC-SUB,WEILL_CORNELL_DGM,	2
chr6	700904	700905	rs545945172	+1	T	single	intron	1000GENOMES,	2
chr6	701594	701595	rs144572927	+1	G	single	intron	1000GENOMES,WEILL_CORNELL_DGM,	2
chr6	710224	710225	rs185127847	+1	T	single	intron	1000GENOMES,GMI,JJLAB,TOPMED,WEILL_CORNELL_DGM,	2
chr6	713811	713812	rs201942322	+1	A	single	intron,near-gene-5	1000GENOMES,BILGI_BIOE,GMI,SSMP,WEILL_CORNELL_DGM,	2
chr6	717447	717447	rs543051265	+1	-	insertion	intron	1000GENOMES,	2
chr6	718970	718971	rs3869010	+1	C	single	intron	ENSEMBL,HUMANGENOME_JCVI,TSC-CSHL,	2
chr6	727033	727034	rs371628865	+1	C	single	ncRNA	1000GENOMES,DDI,PADH-LAB_SPU,SSMP,WEILL_CORNELL_DGM,	2
chr6	727241	727242	rs61769339	+1	G	single	ncRNA	1000GENOMES,BCMHGSC_JDW,DDI,ENSEMBL,EVA-GONL,EVA_GENOME_DK,GMI,JJLAB,SSMP,TOPMED,WEILL_CORNELL_DGM,	2
chr6	730868	730869	rs200188737	+1	C	single	near-gene-5	1000GENOMES,GMI,SSMP,	2
chr6	732993	732994	rs138476838	+1	G	single	near-gene-3,ncRNA	1000GENOMES,DDI,EVA-GONL,GMI,SSMP,WEILL_CORNELL_DGM,	2
chr6	733541	733542	rs536998559	+1	C	single	intron	1000GENOMES,JJLAB,WEILL_CORNELL_DGM,	2
chr6	733600	733601	rs199878213	+1	T	single	intron	1000GENOMES,GMI,SSMP,	2
chr6	733673	733674	rs542688526	+1	C	single	intron	1000GENOMES,	2
chr6	733674	733675	rs553160734	+1	A	single	intron	1000GENOMES,PADH-LAB_SPU,	2
chr6	734209	734210	rs78732431	+1	G	single	intron	1000GENOMES,ENSEMBL,GMI,SSMP,WEILL_CORNELL_DGM,	2
chr6	734365	734366	rs536934690	+1	C	single	intron	1000GENOMES,JJLAB,WEILL_CORNELL_DGM,	2
chr6	735329	735330	rs553339263	+1	A	single	intron,near-gene-3	1000GENOMES,WEILL_CORNELL_DGM,	2
chr6	735331	735332	rs573209121	+1	A	single	intron,near-gene-3	1000GENOMES,	2
chr6	736429	736430	rs544842419	+1	T	single	intron,near-gene-5,ncRNA	1000GENOMES,JJLAB,TOPMED,WEILL_CORNELL_DGM,	2
chr6	736775	736776	rs559349748	+1	C	single	intron,near-gene-5	1000GENOMES,	2
chr6	736949	736950	rs530588710	+1	G	single	intron,near-gene-5	1000GENOMES,JJLAB,WEILL_CORNELL_DGM,	2
chr6	737213	737214	rs202013849	+1	T	single	intron,near-gene-5	1000GENOMES,BILGI_BIOE,GMI,WEILL_CORNELL_DGM,	2
chr6	737559	737560	rs544698705	+1	G	single	intron,near-gene-5	1000GENOMES,WEILL_CORNELL_DGM,	2
chr6	737850	737851	rs529937446	+1	T	single	intron	1000GENOMES,	2
chr6	738830	738831	rs546906063	+1	C	single	intron	1000GENOMES,WEILL_CORNELL_DGM,	2
chr6	740737	740738	rs146067153	+1	C	single	intron,near-gene-5	1000GENOMES,BL,EVA_GENOME_DK,TOPMED,WEILL_CORNELL_DGM,	2
chr6	756163	756164	rs201222573	+1	T	single	unknown	1000GENOMES,BILGI_BIOE,DDI,GMI,SSMP,USC_VALOUEV,WEILL_CORNELL_DGM,	2
chr6	756164	756165	rs548729314	+1	A	single	unknown	1000GENOMES,WEILL_CORNELL_DGM,	2
chr6	756187	756191	rs566250387	+1	ACAG	deletion	unknown	1000GENOMES,	2
chr6	757414	757415	rs530212009	+1	A	deletion	unknown	1000GENOMES,PADH-LAB_SPU,	2
chr6	758244	758245	rs190214723	+1	T	single	unknown	1000GENOMES,EVA-GONL,TOPMED,WEILL_CORNELL_DGM,	2
chr6	758350	758351	rs12238997	+1	A	single	unknown	1000GENOMES,BCMHGSC_JDW,DDI,EVA-GONL,GMI,SC_SNP,SSMP,WEILL_CORNELL_DGM,	2
chr6	758442	758443	rs61769351	+1	G	single	unknown	1000GENOMES,BCMHGSC_JDW,BILGI_BIOE,DDI,EVA_GENOME_DK,GMI,JJLAB,SSMP,TOPMED,WEILL_CORNELL_DGM,	2
chr6	764647	764648	rs537409722	+1	A	single	near-gene-3	1000GENOMES,	2
chr6	765918	765919	rs553919012	+1	A	single	intron	1000GENOMES,WEILL_CORNELL_DGM,	2
chr6	766366	766367	rs561985667	+1	G	single	ncRNA	1000GENOMES,WEILL_CORNELL_DGM,	2
chr6	766399	766403	rs201234755	+1	AATA	deletion	intron	1000GENOMES,EVA_GENOME_DK,EVA_UK10K_ALSPAC,EVA_UK10K_TWINSUK,JJLAB,SSMP,	2
chr6	766454	766455	rs189800799	+1	T	single	intron	1000GENOMES,EVA-GONL,EVA_MGP,SSMP,WEILL_CORNELL_DGM,	2
chr6	767577	767578	rs535793062	+1	T	single	intron	1000GENOMES,TOPMED,WEILL_CORNELL_DGM,	2
chr6	768561	768562	rs548160064	+1	G	single	ncRNA	1000GENOMES,WEILL_CORNELL_DGM,	2
chr6	769256	769257	rs142559957	+1	G	single	intron	1000GENOMES,EVA-GONL,EVA_GENOME_DK,GMI,JJLAB,SSMP,TOPMED,WEILL_CORNELL_DGM,	2
chr6	770071	770072	rs113340103	+1	T	single	intron	1000GENOMES,BUSHMAN,TOPMED,WEILL_CORNELL_DGM,	2
chr6	770500	770501	rs116763968	+1	C	single	intron	1000GENOMES,WEILL_CORNELL_DGM,	2
chr6	770501	770502	rs72631875	+1	G	single	intron	1000GENOMES,BL,DDI,EVA-GONL,EVA_DECODE,EVA_GENOME_DK,JJLAB,USC_VALOUEV,WEILL_CORNELL_DGM,	2
chr6	770950	770950	rs370650309	+1	-	insertion	intron	1000GENOMES,EVA_GENOME_DK,EVA_UK10K_ALSPAC,EVA_UK10K_TWINSUK,JJLAB,LUNTER,SSIP,	2
chr6	770987	770988	rs12029736	+1	A	single	intron	1000GENOMES,BCM-HGSC-SUB,BL,DDI,EVA-GONL,GMI,ILLUMINA,JJLAB,SC_SNP,SSMP,TOPMED,WEILL_CORNELL_DGM,	2
chr6	771044	771045	rs529439608	+1	C	single	intron	1000GENOMES,PADH-LAB_SPU,WEILL_CORNELL_DGM,	2
chr6	771397	771398	rs113462541	+1	G	single	intron	1000GENOMES,BCM-HGSC-SUB,BILGI_BIOE,EVA_GENOME_DK,GMI,JJLAB,SSMP,WEILL_CORNELL_DGM,	2
chr6	772141	772142	rs371890604	+1	G	single	intron	1000GENOMES,JJLAB,PADH-LAB_SPU,SSMP,WEILL_CORNELL_DGM,	2
chr6	773224	773225	rs557003163	+1	C	single	intron	1000GENOMES,	2
chr6	774707	774708	rs532928796	+1	C	single	intron	1000GENOMES,WEILL_CORNELL_DGM,	2
chr6	774814	774815	rs149744429	+1	A	single	intron	1000GENOMES,EVA-GONL,WEILL_CORNELL_DGM,	2
chr6	775929	775930	rs200531508	+1	G	single	intron	1000GENOMES,DDI,GMI,JJLAB,WEILL_CORNELL_DGM,	2
chr6	777166	777167	rs373285923	+1	G	single	intron,near-gene-5	1000GENOMES,SSMP,WEILL_CORNELL_DGM,	2
chr6	777381	777382	rs12071806	+1	T	single	intron,near-gene-5	1000GENOMES,EVA-GONL,SC_SNP,SSMP,TOPMED,WEILL_CORNELL_DGM,	2
chr6	777711	777712	rs4565649	+1	G	single	intron,near-gene-5	1000GENOMES,EVA-GONL,EVA_DECODE,JMKIDD_LAB,SC_JCM,TOPMED,WEILL_CORNELL_DGM,	2
chr6	777751	777751	rs200310424	+1	-	insertion	intron,near-gene-5	1000GENOMES,EVA_DECODE,EVA_GENOME_DK,EVA_UK10K_ALSPAC,EVA_UK10K_TWINSUK,JJLAB,	2
chr6	778182	778183	rs4301583	+1	C	single	intron,near-gene-5	1000GENOMES,CSHL-HAPMAP,ENSEMBL,SC_JCM,TISHKOFF,WEILL_CORNELL_DGM,	2
chr6	778317	778318	rs555211605	+1	C	single	near-gene-5,ncRNA	1000GENOMES,WEILL_CORNELL_DGM,	2
chr8	778596	778597	rs74512038	+1	C	single	near-gene-5,ncRNA	1000GENOMES,GMI,JJLAB,JMKIDD_LAB,SSMP,TISHKOFF,TOPMED,USC_VALOUEV,WEILL_CORNELL_DGM,	2
chr8	778638	778639	rs114983708	+1	A	single	near-gene-5,ncRNA	1000GENOMES,EVA-GONL,HAMMER_LAB,JJLAB,JMKIDD_LAB,SSMP,TOPMED,USC_VALOUEV,WEILL_CORNELL_DGM,	2
chr8	779046	779047	rs12028261	+1	G	single	near-gene-5,ncRNA	1000GENOMES,BCMHGSC_JDW,BL,DDI,ENSEMBL,EVA-GONL,GMI,HGSV,JJLAB,PJP,SC_SNP,SSMP,TOPMED,WEILL_CORNELL_DGM,	2
chr8	779693	779694	rs11804379	+1	A	single	intron,near-gene-5	1000GENOMES,CSHL-HAPMAP,ENSEMBL,HAMMER_LAB,TOPMED,WEILL_CORNELL_DGM,	2
chr8	779824	779825	rs141090730	+1	C	single	intron,near-gene-5	1000GENOMES,EVA-GONL,EVA_DECODE,HAMMER_LAB,TISHKOFF,TOPMED,WEILL_CORNELL_DGM,	2
chr8	779884	779885	rs12184267	+1	C	single	intron,near-gene-5	1000GENOMES,EVA-GONL,EVA_GENOME_DK,EVA_UK10K_ALSPAC,EVA_UK10K_TWINSUK,JJLAB,SC_SNP,SSMP,TISHKOFF,USC_VALOUEV,WEILL_CORNELL_DGM,	2
chr8	779967	779968	rs3131984	-1	T	single	intron,near-gene-5	1000GENOMES,BCMHGSC_JDW,BL,COMPLETE_GENOMICS,CSHL-HAPMAP,DDI,ENSEMBL,EVA_GENOME_DK,EVA_UK10K_ALSPAC,EVA_UK10K_TWINSUK,GMI,HAMMER_LAB,HGSV,HUMANGENOME_JCVI,JJLAB,JMKIDD_LAB,PJP,SC_JCM,SSMP,TOPMED,USC_VALOUEV,WEILL_CORNELL_DGM,WI_SSAHASNP,	2
chr8	779986	779987	rs12184277	+1	A	single	intron,near-gene-5	1000GENOMES,EVA-GONL,EVA_GENOME_DK,EVA_UK10K_ALSPAC,EVA_UK10K_TWINSUK,JJLAB,JMKIDD_LAB,SC_SNP,SSMP,TISHKOFF,USC_VALOUEV,WEILL_CORNELL_DGM,	2
chr8	780544	780545	rs533430962	+1	G	single	intron,near-gene-5	1000GENOMES,WEILL_CORNELL_DGM,	2
chr8	781248	781249	rs541813760	+1	T	single	intron	1000GENOMES,WEILL_CORNELL_DGM,	2
chr8	781597	781598	rs541163143	+1	C	single	intron	1000GENOMES,JJLAB,	2
chr8	782093	782094	rs141784362	+1	C	single	intron	1000GENOMES,CLINSEQ_SNP,EVA-GONL,EVA_DECODE,EVA_MGP,TOPMED,WEILL_CORNELL_DGM,	2
chr8	782246	782247	rs147384991	+1	C	single	intron	1000GENOMES,TOPMED,WEILL_CORNELL_DGM,	2
chr8	783005	783006	rs10900602	+1	A	single	intron	1000GENOMES,BCM-HGSC-SUB,BCMHGSC_JDW,CSHL-HAPMAP,DDI,ENSEMBL,EVA_GENOME_DK,GMI,HAMMER_LAB,HUMANGENOME_JCVI,SC_SNP,SSMP,TOPMED,WEILL_CORNELL_DGM,	2
chr8	783124	783125	rs181440659	+1	G	single	intron	1000GENOMES,EVA-GONL,SSMP,TOPMED,WEILL_CORNELL_DGM,	2
chr8	784109	784109	rs201939756	+1	-	insertion	intron,near-gene-5	1000GENOMES,EVA_DECODE,SSMP,	2
chr8	784533	784534	rs187772768	+1	C	single	intron,near-gene-5	1000GENOMES,EVA-GONL,EVA_DECODE,SSMP,WEILL_CORNELL_DGM,	2
chr8	784859	784860	rs3121393	-1	T	single	intron,near-gene-5	1000GENOMES,BCM-HGSC-SUB,BCMHGSC_JDW,BL,CSHL-HAPMAP,DDI,ENSEMBL,EVA_GENOME_DK,GMI,HAMMER_LAB,HGSV,ILLUMINA-UK,PJP,SSAHASNP,SSMP,TOPMED,WEILL_CORNELL_DGM,	2
chr8	785000	785001	rs116801199	+1	G	single	intron,near-gene-5	1000GENOMES,EVA-GONL,EVA_DECODE,EVA_UK10K_ALSPAC,EVA_UK10K_TWINSUK,JJLAB,SSMP,WEILL_CORNELL_DGM,	2
chr8	785202	785203	rs551231909	+1	G	single	intron,near-gene-5	1000GENOMES,TOPMED,WEILL_CORNELL_DGM,	2
chr8	785416	785417	rs3115846	-1	G	single	intron,near-gene-5	1000GENOMES,BCM-HGSC-SUB,BCMHGSC_JDW,BL,CSHL-HAPMAP,DDI,ENSEMBL,EVA_GENOME_DK,GMI,HAMMER_LAB,ILLUMINA-UK,PJP,SC_JCM,SSMP,TISHKOFF,TOPMED,WEILL_CORNELL_DGM,	2
chr8	785724	785725	rs201616474	+1	A	deletion	intron,near-gene-5	1000GENOMES,EVA_GENOME_DK,JJLAB,SSMP,	2
chr8	785738	785739	rs115019173	+1	C	single	intron,near-gene-5	1000GENOMES,TOPMED,WEILL_CORNELL_DGM,	2
chr8	785909	785910	rs12565286	+1	G	single	intron,near-gene-5	1000GENOMES,AFFY,CSHL-HAPMAP,ENSEMBL,EVA-GONL,EVA_MGP,EVA_SVP,EVA_UK10K_ALSPAC,EVA_UK10K_TWINSUK,ILLUMINA,JJLAB,KRIBB_YJKIM,TISHKOFF,WEILL_CORNELL_DGM,	2
chr8	786376	786377	rs189147642	+1	T	single	intron,ncRNA	1000GENOMES,EVA-GONL,EVA_DECODE,EVA_EXAC,EVA_GENOME_DK,EVA_MGP,WEILL_CORNELL_DGM,	2
chr8	786984	786988	rs527807809	+1	ATTT	deletion	intron,ncRNA	1000GENOMES,EVA-GONL,EVA_DECODE,EVA_GENOME_DK,EVA_UK10K_ALSPAC,EVA_UK10K_TWINSUK,SSIP,	2
chr8	787178	787179	rs150361918	+1	T	single	intron,ncRNA	1000GENOMES,EVA-GONL,TISHKOFF,TOPMED,WEILL_CORNELL_DGM,	2
chr8	787222	787223	rs138029171	+1	T	single	intron,near-gene-3	1000GENOMES,EVA-GONL,TOPMED,WEILL_CORNELL_DGM,	2
chr8	787289	787290	rs116030099	+1	T	single	intron,near-gene-3	1000GENOMES,EVA-GONL,EVA_DECODE,EVA_GENOME_DK,EVA_UK10K_ALSPAC,EVA_UK10K_TWINSUK,GMI,JJLAB,TOPMED,USC_VALOUEV,WEILL_CORNELL_DGM,	2
chr8	787599	787600	rs114222710	+1	C	single	intron,near-gene-3	1000GENOMES,EVA-GONL,EVA_DECODE,EVA_UK10K_ALSPAC,EVA_UK10K_TWINSUK,HAMMER_LAB,JMKIDD_LAB,TISHKOFF,TOPMED,WEILL_CORNELL_DGM,	2
chr8	787926	787927	rs28659788	+1	C	single	intron	1000GENOMES,EVA-GONL,ILLUMINA,SSAHASNP,SSMP,WEILL_CORNELL_DGM,	2
chr8	788358	788360	rs59776264	+1	CT	deletion	intron	1000GENOMES,EVA_UK10K_ALSPAC,EVA_UK10K_TWINSUK,JJLAB,LUNTER,	2
chr8	788361	788362	rs28375378	+1	T	single	intron	1000GENOMES,EVA-GONL,SSAHASNP,USC_VALOUEV,WEILL_CORNELL_DGM,	2
chr8	788373	788381	rs373480363	+1	GAGAGAGG	deletion	intron	1000GENOMES,EVA_UK10K_ALSPAC,EVA_UK10K_TWINSUK,LUNTER,	2
chr8	788418	788420	rs34882115	+1	AG	deletion	intron	1000GENOMES,BILGI_BIOE,BL,DDI,EVA-GONL,EVA_UK10K_ALSPAC,EVA_UK10K_TWINSUK,GMI,JJLAB,LUNTER,PJP,SSMP,TOPMED,	2
chr8	788438	788439	rs11804171	+1	T	single	intron	1000GENOMES,BUSHMAN,CSHL-HAPMAP,EVA-GONL,HAMMER_LAB,HGSV,JJLAB,JMKIDD_LAB,SSMP,TOPMED,USC_VALOUEV,WEILL_CORNELL_DGM,	2
chr8	788510	788511	rs2977670	-1	G	single	intron	1000GENOMES,BCM-HGSC-SUB,BCMHGSC_JDW,BGI,BL,COMPLETE_GENOMICS,CSHL-HAPMAP,DDI,ENSEMBL,EVA-GONL,EVA_DECODE,EVA_GENOME_DK,EVA_UK10K_ALSPAC,EVA_UK10K_TWINSUK,GENOMED,GMI,HGSV,HUMANGENOME_JCVI,ILLUMINA,ILLUMINA-UK,JJLAB,PJP,SC_JCM,SSMP,TOPMED,USC_VALOUEV,WEILL_CORNELL_DGM,WI_SSAHASNP,	2
chr8	788537	788538	rs144434834	+1	G	single	intron	1000GENOMES,EVA-GONL,EVA_DECODE,ILLUMINA,TOPMED,WEILL_CORNELL_DGM,	2
chr8	788722	788723	rs111533735	+1	A	single	intron	1000GENOMES,BUSHMAN,EVA_UK10K_ALSPAC,EVA_UK10K_TWINSUK,JMKIDD_LAB,TOPMED,WEILL_CORNELL_DGM,	2
chr8	788835	788835	rs558665036	+1	-	insertion	intron	1000GENOMES,EVA_UK10K_ALSPAC,EVA_UK10K_TWINSUK,	2
chr8	788919	788920	rs12069907	+1	C	single	intron	1000GENOMES,BUSHMAN,HAMMER_LAB,JJLAB,SC_SNP,TOPMED,WEILL_CORNELL_DGM,	2
chr8	788943	788944	rs28692873	+1	G	single	intron	1000GENOMES,EVA-GONL,EVA_UK10K_ALSPAC,EVA_UK10K_TWINSUK,JJLAB,SSAHASNP,SSMP,USC_VALOUEV,WEILL_CORNELL_DGM,	2
chr8	789136	789137	rs541235902	+1	G	single	intron	1000GENOMES,USC_VALOUEV,WEILL_CORNELL_DGM,	2
chr8	789434	789435	rs533926246	+1	C	single	intron	1000GENOMES,TOPMED,WEILL_CORNELL_DGM,	2
chr8	789488	789489	rs12735556	+1	C	single	intron	1000GENOMES,BCMHGSC_JDW,DDI,GMI,SSAHASNP,SSMP,USC_VALOUEV,WEILL_CORNELL_DGM,	2
chr8	789501	789502	rs62653102	+1	T	single	intron	1000GENOMES,BCMHGSC_JDW,GMI,WEILL_CORNELL_DGM,	2
chr8	789502	789503	rs200283906	+1	G	single	intron	1000GENOMES,GMI,	2
chr8	789800	789801	rs541223445	+1	C	single	intron	1000GENOMES,USC_VALOUEV,WEILL_CORNELL_DGM,	2
chr8	789815	789816	rs377099097	+1	G	single	intron	1000GENOMES,JJLAB,SSMP,USC_VALOUEV,WEILL_CORNELL_DGM,	2
chr8	789886	789887	rs12067227	+1	G	single	intron	1000GENOMES,BUSHMAN,SC_SNP,WEILL_CORNELL_DGM,	2
chr8	789894	789895	rs111203396	+1	C	single	intron	1000GENOMES,BUSHMAN,TOPMED,WEILL_CORNELL_DGM,	2
